		sysA	sysB
Net recovery	N	29.665662697227823	67.98751367952175
Net recovery	P	75.04238997408964	38.78340987638233
Net recovery	K	67.26144459475738	56.873492708057114
Net recovery	energy	0.0	0.0
LCA results	H_Ecosystems	9.466646399376332	1.1162862698206746
LCA results	H_Health	-0.05563605906358899	0.05061162526459973
LCA results	H_Resources	-0.3954731830911663	2.264259432380204
TEA results	Net cost	9.458940306028147	13.875161760445
