		brA	brB
N recovery	Total N [% N]	37.58013076430945	70.23384100683967
P recovery	Total P [% P]	64.68979999999998	47.374161917555234
K recovery	Total K [% K]	67.35540000000003	72.52000000000002
TEA results	Annual net cost [USD/cap/yr]	6.277361556234623	15.391562742879245
LCA results	GlobalWarming [kg CO2-eq/cap/yr]	36.22998966283187	-0.7116028687313313
LCA results	H_Ecosystems [points/cap/yr]	-0.07346580755201672	0.024648998363674957
LCA results	H_Health [points/cap/yr]	12.327240899974727	0.8501594535010242
LCA results	H_Resources [points/cap/yr]	-0.4514995772122152	2.069376683193782
