,,brA_general,brA_BeijingChina,brB_general,brB_BeijingChina,reB_general,reB_BeijingChina,reC_general,reC_BeijingChina
N recovery,Total N [% N],37.58013076430945,37.58013076430945,70.23384100683967,70.23384100683967,71.44512899511798,71.44512899511798,71.44512899511798,71.44512899511798
P recovery,Total P [% P],64.68979999999998,64.68979999999998,47.374161917555234,47.374161917555234,91.79485817690723,91.79485817690723,91.79485817690723,91.79485817690723
K recovery,Total K [% K],67.35540000000003,67.35540000000003,72.52000000000002,72.52000000000002,17.948581769072238,17.948581769072238,17.948581769072238,17.948581769072238
TEA results,Annual net cost [USD/cap/yr],8.045760178012435,11.281975137557378,18.00384442258055,21.688630151218135,101.67315034936526,122.20110524848516,106.87927043619821,131.48635033531812
LCA results,GlobalWarming [kg CO2-eq/cap/yr],25.458529234309516,27.670540242884183,3.1302450590472133,6.397418174081368,176.91100975746627,180.05876975746625,137.60825210096627,137.60825210096627
LCA results,H_Ecosystems [points/cap/yr],-0.01583697290635821,-0.0027977428226403744,0.03722607753683143,0.053316452781868674,0.1415325990044231,0.13466498793242307,0.0016671886098160963,0.0016671886098160963
LCA results,H_Health [points/cap/yr],8.683070233730625,8.790051317979424,0.4137006143253822,0.5576930545286163,28.053870837588196,27.868780374772196,25.748332182680066,25.748332182680066
LCA results,H_Resources [points/cap/yr],-0.2256819018267219,-0.17777354920599245,1.2400037245722022,1.333645347523391,7.9883720542198215,7.949619523003823,6.430103572564523,6.430103572564523
