		sysB	sysC
Net recovery	N	60.54248413272536	71.05347890544606
Net recovery	P	90.94193427124263	92.10083319938892
Net recovery	K	9.419342712426083	21.008331993888792
Net recovery	energy	0.0	0.0
LCA results	H_Ecosystems	0.6406321126689621	0.2710211689718353
LCA results	H_Health	9.43869462499179	5.840739689851563
LCA results	H_Resources	60.018729297649465	21.561290955648204
TEA results	Net cost	48.8493397022239	35.2912225994131
