,,sysA,sysB,sysC
N recovery,Total N,0.0960996475762642,0.3394250982965367,0.7840135477361093
P recovery,Total P,0.4102860159999999,0.79066204,0.560121235559853
K recovery,Total K,0.7607289200000003,0.7607289200000003,0.9604000000000001
COD recovery,Gas COD,0.0,0.3939748236080274,0.0
LCA results,Net emission H_EcosystemQuality_Total [points/cap/yr],-1598.7364764871836,-3642.989556027974,-6111.051182952772
LCA results,Net emission H_HumanHealth_Total [points/cap/yr],25.84616852532524,11.448787924181758,7.018809974561809
LCA results,Net emission H_Resources_Total [points/cap/yr],0.020504911370721583,-0.47021813744693775,0.503539922358081
TEA results,Annual net cost [USD/cap/yr],14.234057295276406,7.33511056376966,22.064332748965217
