		sysA	sysB
Net recovery	N	29.02079994459245	64.99150531522147
Net recovery	P	72.93261234350503	36.468169584325324
Net recovery	K	65.37042418274994	55.23046321886853
Net recovery	energy	0.0	0.0
LCA results	H_Ecosystems	9.713708650531206	1.191722196646667
LCA results	H_Health	-0.04395091577820096	0.07715313850531874
LCA results	H_Resources	-0.35783734015858976	2.2779751177291976
TEA results	Net cost	6.023797585532787	12.45778549990831
