		sysB	sysC
Net recovery	N	71.44512899511803	71.44512899511803
Net recovery	P	91.79485817690721	91.79485817690721
Net recovery	K	17.94858176907227	17.94858176907227
Net recovery	energy	0.0	0.0
LCA results	H_Ecosystems	0.633723709307389	0.4938582989127819
LCA results	H_Health	13.212843948467661	11.654575466812362
LCA results	H_Resources	45.42264455780518	43.11710590289706
TEA results	Net cost	45.126350371723916	55.6624960878435
