		sysB	sysC
Net recovery	N	0.0	0.0
Net recovery	P	0.0	0.0
Net recovery	K	0.0	0.0
Net recovery	energy	0.0	0.0
LCA results	H_Ecosystems	165.46180625848862	108.37031172356765
LCA results	H_Health	165.46180625848862	108.37031172356765
LCA results	H_Resources	165.46180625848862	108.37031172356765
TEA results	Net cost	46.62162403236441	57.46110308181731
