,,ngA-China,ngA-India,ngA-Senegal,ngA-South Africa,ngA-Uganda,ngB-China,ngB-India,ngB-Senegal,ngB-South Africa,ngB-Uganda
N recovery,Total N [% N],52.52415192233487,52.52415192233487,52.52415192233487,52.52415192233487,52.52415192233487,52.52415192233487,52.52415192233487,52.52415192233487,52.52415192233487,52.52415192233487
P recovery,Total P [% P],37.331992674069895,37.331992674069895,37.331992674069895,37.331992674069895,37.331992674069895,37.331992674069895,37.331992674069895,37.331992674069895,37.331992674069895,37.331992674069895
K recovery,Total K [% K],22.63208972107396,22.63208972107396,22.63208972107396,22.63208972107396,22.63208972107396,22.63208972107396,22.63208972107396,22.63208972107396,22.63208972107396,22.63208972107396
TEA results,Annual net cost [USD/cap/yr],145.0501233516234,108.22545475721958,110.67860441812115,155.35664686803273,120.14677140462898,145.99798066434872,109.34157006994486,111.77763418540644,156.45567663531799,121.26044071735424
LCA results,GlobalWarming [kg CO2-eq/cap/yr],79.35605060300762,79.35605060300762,79.35605060300762,79.35605060300762,79.35605060300762,91.22474455704345,92.89613847870993,94.25512232156025,94.50505038461317,82.07112924772983
LCA results,H_Ecosystems [points/cap/yr],0.19860750527369223,0.19860750527369223,0.19860750527369223,0.19860750527369223,0.19860750527369223,0.2361937102699007,0.24056895094170533,0.24373575818764118,0.24241123317648428,0.22460771694843626
LCA results,H_Health [points/cap/yr],11.66101583143958,11.66101583143958,11.66101583143958,11.66101583143958,11.66101583143958,12.417425736923041,12.504967758399523,12.536390104711389,12.487474684066795,12.407667748695756
LCA results,H_Resources [points/cap/yr],9.936299361821616,9.936299361821616,9.936299361821616,9.936299361821616,9.936299361821616,10.41947298660275,10.471768793643664,10.51495342628447,10.513512778447016,10.183531194747836
