		sysB	sysC
Net recovery	N	62.45044008373086	73.88165562502766
Net recovery	P	91.07344699567138	92.41345354344115
Net recovery	K	10.734469956713694	24.134535434411006
Net recovery	energy	0.0	0.0
LCA results	H_Ecosystems	0.4551432343189566	0.12049138044517027
LCA results	H_Health	10.727083476140457	7.042982083062552
LCA results	H_Resources	59.94277224801485	19.845551757075043
TEA results	Net cost	48.73467536968262	41.56267889837738
