		sysA	sysB
Net recovery	N	37.58013076430945	70.23384100683968
Net recovery	P	64.68979999999998	47.374161917555234
Net recovery	K	67.3554	72.52
Net recovery	energy	0.0	0.0
LCA results	H_Ecosystems	10.571577204500624	0.5620222114021568
LCA results	H_Health	0.01274924616409262	1.4514950536553002
LCA results	H_Resources	0.0011585140301043945	0.03664171050468784
TEA results	Net cost	12.258214873398261	24.127371780537757
