		sysA	sysB
Net recovery	N	37.58013076430946	70.23384100683968
Net recovery	P	64.6898	47.374161917555256
Net recovery	K	67.35540000000003	72.52000000000001
Net recovery	energy	0.0	0.0
LCA results	H_Ecosystems	10.571577204500628	0.5620222114024214
LCA results	H_Health	0.001158514030104406	0.036641710504687876
LCA results	H_Resources	0.01274924616409256	1.4514950536553002
TEA results	Net cost	12.25821487406697	24.12737178203974
