		sysA	sysB
Net recovery	N	62.89547303229336	42.41664905483326
Net recovery	P	36.75246970984651	28.999075211507826
Net recovery	K	21.40197844608306	18.667866623224807
Net recovery	energy	0.0	0.0
LCA results	H_Ecosystems	7.571542415140115	12.832015016859335
LCA results	H_Health	0.1669146887760588	0.17808132361763732
LCA results	H_Resources	10.485107554012044	8.391403090274714
TEA results	Net cost	69.04998821652072	66.76509745995361
