		sysA	sysB
Net recovery	N	62.89547303229335	42.41664905483326
Net recovery	P	36.75246970984651	28.9990752115078
Net recovery	K	21.40197844608306	18.667866623224786
Net recovery	energy	0.0	0.0
LCA results	H_Ecosystems	7.565405977048674	12.823185381529141
LCA results	H_Health	0.16636230423001735	0.17728650518536432
LCA results	H_Resources	10.459417893840303	8.354438595938918
TEA results	Net cost	68.94312721395896	66.5703518674121
