		brA	brB
N recovery	Total N [% N]	37.58013076430945	70.23384100683967
P recovery	Total P [% P]	64.68979999999998	47.374161917555234
K recovery	Total K [% K]	67.35540000000003	72.52000000000002
TEA results	Annual net cost [USD/cap/yr]	3.8887513038675317	9.97906884829302
LCA results	GlobalWarming [kg CO2-eq/cap/yr]	32.56594360886749	-0.4454786580802155
LCA results	H_Ecosystems [points/cap/yr]	-0.048505460961700594	0.028739320183858424
LCA results	H_Health [points/cap/yr]	11.41757887152904	0.6205065947768376
LCA results	H_Resources [points/cap/yr]	-0.45368801552195775	1.6385544733635622
