		sysA	sysB
Net recovery	N	29.766607588553473	65.11148642647473
Net recovery	P	72.86312864908456	34.49661986906134
Net recovery	K	65.30814506738443	59.01142350412315
Net recovery	energy	0.0	0.0
LCA results	H_Ecosystems	10.447610543427642	1.971575700342817
LCA results	H_Health	-0.06711560620629332	0.13752117230774044
LCA results	H_Resources	-0.5845894308195951	2.9617936909393086
TEA results	Net cost	14.893943180084904	31.5344866478204
