		sysA	sysB
Net recovery	N	29.766607588553484	65.11148642647471
Net recovery	P	72.86312864908456	34.496619869061355
Net recovery	K	65.3081450673844	59.01142350412314
Net recovery	energy	0.0	0.0
LCA results	H_Ecosystems	10.447610543427642	2.3925577051690183
LCA results	H_Health	-0.5845894308195954	2.9633399012669543
LCA results	H_Resources	-0.0671156062062934	0.13795002514402832
TEA results	Net cost	14.893943179717322	31.57102127452121
