		sysB	sysC
Net recovery	N	60.98521715449242	70.98126939031354
Net recovery	P	90.98978495321686	92.11056842496423
Net recovery	K	9.89784953216813	21.105684249641726
Net recovery	energy	0.0	0.0
LCA results	H_Ecosystems	0.7321200582915384	0.4438201406759079
LCA results	H_Health	11.086511580599703	8.016818864792649
LCA results	H_Resources	57.09362967715173	22.663482609365143
TEA results	Net cost	50.88717621188603	34.088325592955194
