		sysA	sysB
Net recovery	N	63.43348982112628	43.31831594868413
Net recovery	P	38.09445217073088	30.424828097376395
Net recovery	K	23.069666747929514	20.301078080980055
Net recovery	energy	0.0	0.0
LCA results	H_Ecosystems	7.8372811110562965	12.639391955862573
LCA results	H_Health	0.26035972739841107	0.2531060648683699
LCA results	H_Resources	12.393968717745851	9.977444348105724
TEA results	Net cost	86.30761328322433	83.96234541786318
