		sysA	sysB
Net recovery	N	0.0	0.0
Net recovery	P	0.0	0.0
Net recovery	K	0.0	0.0
Net recovery	energy	0.0	0.0
LCA results	H_Ecosystems	11.589756250173169	22.723426630189334
LCA results	H_Health	4.386743361900738	9.31183293449673
LCA results	H_Resources	8.576083337575357	32.63063504570485
TEA results	Net cost	19.421385666708726	20.2498850776758
