		sysA	sysB
Net recovery	N	63.43348982112621	43.318315948684116
Net recovery	P	38.09445217073081	30.4248280973764
Net recovery	K	23.069666747929432	20.301078080980073
Net recovery	energy	0.0	0.0
LCA results	H_Ecosystems	7.843195010254436	12.647901383077672
LCA results	H_Health	0.2610195965491599	0.2540555414018153
LCA results	H_Resources	12.421192230720346	10.016615881883137
TEA results	Net cost	86.46689666440103	84.25262658410429
