		sysA	sysB
Net recovery	N	63.43348982112621	43.318315948684116
Net recovery	P	38.09445217073081	30.424828097376405
Net recovery	K	23.069666747929436	20.30107808098008
Net recovery	energy	0.0	0.0
LCA results	H_Ecosystems	7.837281111056292	12.639391955862575
LCA results	H_Health	0.26035972739841007	0.25310606486837034
LCA results	H_Resources	12.393968717745809	9.977444348105742
TEA results	Net cost	86.30761328322406	83.9623454178633
