		sysB	sysC
Net recovery	N	61.47155188054877	71.43568932368794
Net recovery	P	91.01958641986255	92.14234523381477
Net recovery	K	10.195864198625596	21.423452338147623
Net recovery	energy	0.0	0.0
LCA results	H_Ecosystems	0.6631763305543821	0.3883236395363947
LCA results	H_Health	11.53039732581235	8.529881432723938
LCA results	H_Resources	57.09845017634182	22.258515406895675
TEA results	Net cost	43.83581360145427	31.343039655059613
