,,brA_China,brA_India,brA_Senegal,brA_South Africa,brA_Uganda,brB_China,brB_India,brB_Senegal,brB_South Africa,brB_Uganda
N recovery,Total N [% N],37.58013076430945,37.58013076430945,37.58013076430945,37.58013076430945,37.58013076430945,70.23384100683967,70.23384100683967,70.23384100683967,70.23384100683967,70.23384100683967
P recovery,Total P [% P],64.68979999999998,64.68979999999998,64.68979999999998,64.68979999999998,64.68979999999998,47.374161917555234,47.374161917555234,47.374161917555234,47.374161917555234,47.374161917555234
K recovery,Total K [% K],67.35540000000003,67.35540000000003,67.35540000000003,67.35540000000003,67.35540000000003,72.52000000000002,72.52000000000002,72.52000000000002,72.52000000000002,72.52000000000002
TEA results,Annual net cost [USD/cap/yr],9.209219167975453,4.345602778448397,4.039837220540318,5.732042231677663,4.401983640558336,15.855545900247478,10.572262927852979,10.036195302809668,12.363424733182415,10.62852670045297
LCA results,GlobalWarming [kg CO2-eq/cap/yr],29.210037297948006,25.986408290509512,23.87543662067236,29.58035095421526,24.71833130212261,6.18750974368751,1.309295057964902,-1.9122725785041765,6.56925440043177,0.04020329003484676
LCA results,H_Ecosystems [points/cap/yr],-0.004546695055973574,-0.025270918540914775,-0.039052776239784204,-0.003825228343992175,-0.027140546887114307,0.05178335344942814,0.026198786883919294,0.009171857083366817,0.05251206300812859,0.02432753892004081
LCA results,H_Health [points/cap/yr],9.46415510006519,9.278864093967888,9.155510885330573,9.46737604633058,9.267469261153737,0.5616300663735868,0.32870023183025227,0.17101975930616845,0.5686958543496359,0.31729305511209993
LCA results,H_Resources [points/cap/yr],-0.18803626966350634,-0.260766681405737,-0.30822834415025735,-0.1770883359208695,-0.294531071342587,1.3442865851031185,1.1986037954167963,1.1024572721869812,1.3553117431302468,1.1648116766707997
