		sysA	sysB
Net recovery	N	63.40390095777749	43.306431009852595
Net recovery	P	37.957514781751186	30.33755581643484
Net recovery	K	22.899493971203118	20.20110697757856
Net recovery	energy	0.0	0.0
LCA results	H_Ecosystems	7.669518970642713	12.354947848608218
LCA results	H_Health	0.2336398612888167	0.23100254427994138
LCA results	H_Resources	11.89375129387169	9.59886771532743
TEA results	Net cost	85.93981261078517	82.48156413121863
