		sysA	sysB
Net recovery	N	63.403900957777495	43.306431009852616
Net recovery	P	37.95751478175119	30.337555816434897
Net recovery	K	22.89949397120312	20.201106977578615
Net recovery	energy	0.0	0.0
LCA results	H_Ecosystems	7.669518970642713	12.354947848608218
LCA results	H_Health	0.23363986128881653	0.2310025442799419
LCA results	H_Resources	11.893751293871683	9.598867715327454
TEA results	Net cost	85.93981261078513	82.4815641312188
