		sysA	sysB
Net recovery	N	28.740387941362457	62.52182095667649
Net recovery	P	72.86312864908456	36.84188634553061
Net recovery	K	65.3081450673844	52.037589611447686
Net recovery	energy	0.0	0.0
LCA results	H_Ecosystems	9.52486489723524	2.448344679299854
LCA results	H_Health	-0.062211965572222236	0.16257145868467626
LCA results	H_Resources	-0.5601016963736571	3.243050108046725
TEA results	Net cost	10.682094785494812	24.99289531670825
