		brA	brB
N recovery	Total N [% N]	37.58013076430945	70.23384100683967
P recovery	Total P [% P]	64.68979999999998	47.374161917555234
K recovery	Total K [% K]	67.35540000000003	72.52000000000002
TEA results	Annual net cost [USD/cap/yr]	4.55871364092666	9.817968891451102
LCA results	GlobalWarming [kg CO2-eq/cap/yr]	15.61623443790616	-0.3362958209872962
LCA results	H_Ecosystems [points/cap/yr]	-0.050638646156721846	0.01741699783372328
LCA results	H_Health [points/cap/yr]	5.622672791870488	0.26465767350525354
LCA results	H_Resources [points/cap/yr]	-0.2703500367909522	1.180968874699103
