,,reB_China,reB_India,reB_Senegal,reB_South Africa,reB_Uganda,reC_China,reC_India,reC_Senegal,reC_South Africa,reC_Uganda
N recovery,Total N [% N],71.44512899511798,71.44512899511798,71.44512899511798,71.44512899511798,71.44512899511798,71.44512899511798,71.44512899511798,71.44512899511798,71.44512899511798,71.44512899511798
P recovery,Total P [% P],91.79485817690723,91.79485817690723,91.79485817690723,91.79485817690723,91.79485817690723,91.79485817690723,91.79485817690723,91.79485817690723,91.79485817690723,91.79485817690723
K recovery,Total K [% K],17.948581769072238,17.948581769072238,17.948581769072238,17.948581769072238,17.948581769072238,17.948581769072238,17.948581769072238,17.948581769072238,17.948581769072238,17.948581769072238
TEA results,Annual net cost [USD/cap/yr],66.65082408154936,48.95040360915902,50.74777038095076,50.74777038095075,49.20771814086312,65.2586172840923,44.05282181170198,46.206137446827036,46.20613744682705,44.361094676739405
LCA results,GlobalWarming [kg CO2-eq/cap/yr],153.42231163941008,159.54613563941012,164.5253196394101,165.44103163941008,119.88435963941008,110.9717939829101,110.9717939829101,110.9717939829101,110.9717939829101,110.9717939829101
LCA results,H_Ecosystems [points/cap/yr],-0.026551710808303024,-0.010521256536303009,0.001081615751696982,-0.003771314456303022,-0.06900165815230302,-0.15954951013091,-0.15954951013091,-0.15954951013091,-0.15954951013091,-0.15954951013091
LCA results,H_Health [points/cap/yr],27.791188855446634,28.111934267510637,28.227062673798635,28.04784135258263,27.75543654013463,25.670740663354504,25.670740663354504,25.670740663354504,25.670740663354504,25.670740663354504
LCA results,H_Resources [points/cap/yr],0.15184103608695446,0.3434477627269547,0.5016720367109544,0.49639364381495454,-0.7126266329850456,-1.367674914352345,-1.367674914352345,-1.367674914352345,-1.367674914352345,-1.367674914352345
