,,reB_China,reB_India,reB_Senegal,reB_South Africa,reB_Uganda,reC_China,reC_India,reC_Senegal,reC_South Africa,reC_Uganda
N recovery,Total N [% N],71.44512899511798,71.44512899511798,71.44512899511798,71.44512899511798,71.44512899511798,71.44512899511798,71.44512899511798,71.44512899511798,71.44512899511798,71.44512899511798
P recovery,Total P [% P],91.79485817690723,91.79485817690723,91.79485817690723,91.79485817690723,91.79485817690723,91.79485817690723,91.79485817690723,91.79485817690723,91.79485817690723,91.79485817690723
K recovery,Total K [% K],17.948581769072238,17.948581769072238,17.948581769072238,17.948581769072238,17.948581769072238,17.948581769072238,17.948581769072238,17.948581769072238,17.948581769072238,17.948581769072238
TEA results,Annual net cost [USD/cap/yr],108.07123117614596,113.55581844852979,112.48762246534942,148.74133307749634,123.01766789014427,106.6790243786889,108.65823665107276,107.94598953122572,144.19970014337267,118.17104442602053
LCA results,GlobalWarming [kg CO2-eq/cap/yr],184.43201301719148,190.55583701719152,195.5350210171915,196.45073301719148,150.8940610171915,141.9814953606915,141.9814953606915,141.9814953606915,141.9814953606915,141.9814953606915
LCA results,H_Ecosystems [points/cap/yr],0.1302038632588154,0.14623431753081542,0.1578371898188154,0.1529842596108154,0.08775391591481538,-0.002793936063791603,-0.002793936063791603,-0.002793936063791603,-0.002793936063791603,-0.002793936063791603
LCA results,H_Health [points/cap/yr],29.72996292460547,30.050708336669473,30.165836742957474,29.986615421741476,29.69421060929347,27.609514732513343,27.609514732513343,27.609514732513343,27.609514732513343,27.609514732513343
LCA results,H_Resources [points/cap/yr],7.892092699046357,8.083699425686357,8.241923699670357,8.236645306774356,7.027625029974358,6.372576748607058,6.372576748607058,6.372576748607058,6.372576748607058,6.372576748607058
