		sysA	sysB
Net recovery	N	52.52415192233491	52.52415192233491
Net recovery	P	37.33199267406995	37.33199267406995
Net recovery	K	22.632089721074028	22.632089721074028
Net recovery	energy	0.0	0.0
LCA results	H_Ecosystems	12.384883599505276	13.191810808312468
LCA results	H_Health	0.18958047490549035	0.22904107789258005
LCA results	H_Resources	9.717930598399509	10.211681069465516
TEA results	Net cost	107.2571413916507	103.24889952354914
