		sysA	sysB
Net recovery	N	52.52415192233491	52.52415192233491
Net recovery	P	37.331992674069966	37.331992674069966
Net recovery	K	22.632089721074028	22.632089721074028
Net recovery	energy	0.0	0.0
LCA results	H_Ecosystems	12.384883599505276	13.191810808312464
LCA results	H_Health	0.18958047490549038	0.2290410778925801
LCA results	H_Resources	9.71793059839951	10.211681069465516
TEA results	Net cost	107.2571413916507	103.24889952354914
