		sysA	sysB
Net recovery	N	52.52415192233491	52.52415192233491
Net recovery	P	37.331992674069944	37.331992674069944
Net recovery	K	22.632089721074024	22.632089721074024
Net recovery	energy	0.0	0.0
LCA results	H_Ecosystems	12.392452820262825	13.199380029070017
LCA results	H_Health	0.1901924686204698	0.22965307160755952
LCA results	H_Resources	9.748149526168303	10.241899997234311
TEA results	Net cost	107.4930285928873	103.48478672478572
