		sysA	sysB
Net recovery	N	63.019333901402334	42.7488166146905
Net recovery	P	37.30586477558536	29.701020463358784
Net recovery	K	22.089685256218313	19.47195058433949
Net recovery	energy	0.0	0.0
LCA results	H_Ecosystems	8.206492168730572	13.802469069367826
LCA results	H_Health	0.24521778158959814	0.24282232552545155
LCA results	H_Resources	12.061835113005962	9.721919057982165
TEA results	Net cost	125.16479534192109	119.45442691072209
