		sysA	sysB
Net recovery	N	63.019333901402334	42.748816614690504
Net recovery	P	37.30586477558536	29.701020463358784
Net recovery	K	22.089685256218313	19.47195058433949
Net recovery	energy	0.0	0.0
LCA results	H_Ecosystems	8.200686494030544	13.794115364876221
LCA results	H_Health	0.2444965645514062	0.24178457637093234
LCA results	H_Resources	12.033810664791584	9.681595069639842
TEA results	Net cost	124.9119805800952	118.993692317047
